GROUP,PACKAGE,CLASS,INSTRUCTION_MISSED,INSTRUCTION_COVERED,BRANCH_MISSED,BRANCH_COVERED,LINE_MISSED,LINE_COVERED,COMPLEXITY_MISSED,COMPLEXITY_COVERED,METHOD_MISSED,METHOD_COVERED
GrupoResourceTest (QuarkusTest),br.com.scriptum.dto,NoteRequest,6,0,0,0,2,0,1,0,1,0
GrupoResourceTest (QuarkusTest),br.com.scriptum.dto,OcrRequest,12,0,0,0,5,0,1,0,1,0
GrupoResourceTest (QuarkusTest),br.com.scriptum.dto,OcrResponse,3,0,0,0,1,0,1,0,1,0
GrupoResourceTest (QuarkusTest),br.com.scriptum.model,Grupo,8,0,0,0,2,0,1,0,1,0
GrupoResourceTest (QuarkusTest),br.com.scriptum.model,Documento,11,0,0,0,4,0,1,0,1,0
GrupoResourceTest (QuarkusTest),br.com.scriptum.service,DocumentoService,123,0,10,0,38,0,13,0,8,0
GrupoResourceTest (QuarkusTest),br.com.scriptum.service,GrupoService,27,0,4,0,8,0,5,0,3,0
GrupoResourceTest (QuarkusTest),br.com.scriptum.messaging,OcrResponseConsumer,42,0,0,0,13,0,3,0,3,0
GrupoResourceTest (QuarkusTest),br.com.scriptum.resource,DocumentoResource,84,0,4,0,19,0,7,0,5,0
GrupoResourceTest (QuarkusTest),br.com.scriptum.resource,GrupoResource.GrupoRequest,3,0,0,0,1,0,1,0,1,0
GrupoResourceTest (QuarkusTest),br.com.scriptum.resource,DocumentoResource.DocumentoEscaneadoRequest,3,0,0,0,1,0,1,0,1,0
GrupoResourceTest (QuarkusTest),br.com.scriptum.resource,GrupoResource,29,0,0,0,6,0,3,0,3,0
GrupoResourceTest (QuarkusTest),br.com.scriptum.resource,DocumentoResource.DocumentoManualRequest,3,0,0,0,1,0,1,0,1,0
